Date,Coseducam-Raev100,Coseducam-Riesgo,Train-Raev100,Train-Riesgo,Vía carrión-Raev100,Vía carrión-Riesgo
2024-01-29,2.6,bajo,2.2,bajo,1.1,bajo
2024-02-05,2.1,bajo,1.6,bajo,1.1,bajo
2024-02-12,2.0,bajo,2.0,bajo,0.8,bajo
2024-02-19,2.1,bajo,2.1,bajo,1.0,bajo
2024-02-26,2.5,bajo,2.0,bajo,1.1,bajo
2024-03-04,2.5,bajo,2.3,bajo,1.3,bajo
2024-03-11,2.4,bajo,2.3,bajo,1.3,bajo
2024-03-18,2.6,bajo,2.2,bajo,1.6,bajo
2024-03-25,2.9,bajo,2.3,bajo,1.3,bajo
2024-04-01,3.0,bajo,2.5,bajo,1.3,bajo
2024-04-08,2.7,bajo,2.8,bajo,1.9,bajo
2024-04-15,2.6,bajo,2.8,bajo,1.8,bajo
2024-04-22,3.0,bajo,1.9,bajo,1.5,bajo
2024-04-29,2.7,bajo,2.1,bajo,1.4,bajo
2024-05-06,2.7,bajo,2.1,bajo,1.5,bajo
2024-05-13,2.5,bajo,2.2,bajo,1.6,bajo
2024-05-20,8.9,alto,21.8,muy alto,5.4,bajo
2024-05-27,5.1,bajo,8.3,alto,2.1,bajo
2024-06-03,5.0,bajo,6.5,medio,2.7,bajo
2024-06-10,3.4,bajo,5.1,bajo,2.1,bajo
2024-06-17,3.5,bajo,3.4,bajo,2.0,bajo
2024-06-24,3.2,bajo,2.6,bajo,1.4,bajo
2024-07-01,3.0,bajo,2.2,bajo,1.5,bajo
2024-07-08,3.0,bajo,2.0,bajo,1.3,bajo
2024-07-15,3.1,bajo,2.2,bajo,1.6,bajo
2024-07-22,3.1,bajo,2.0,bajo,1.4,bajo
2024-07-29,3.0,bajo,2.3,bajo,1.4,bajo
2024-08-05,3.0,bajo,2.2,bajo,1.6,bajo
2024-08-12,3.0,bajo,2.7,bajo,1.3,bajo
2024-08-19,2.9,bajo,3.0,bajo,1.4,bajo
2024-08-26,3.0,bajo,3.0,bajo,1.4,bajo
2024-09-02,2.7,bajo,2.8,bajo,1.7,bajo
2024-09-09,2.5,bajo,2.8,bajo,1.4,bajo
2024-09-16,2.6,bajo,2.8,bajo,1.9,bajo
2024-09-23,2.8,bajo,,,2.7,bajo
2024-09-30,2.9,bajo,,,2.1,bajo
2024-10-07,2.9,bajo,,,1.8,bajo
2024-10-14,2.8,bajo,,,2.0,bajo
2024-10-21,3.0,bajo,,,1.7,bajo
2024-10-28,2.9,bajo,,,2.1,bajo
2024-11-04,3.2,bajo,,,2.1,bajo
2024-11-11,3.0,bajo,,,2.1,bajo
2024-11-18,2.7,bajo,,,1.9,bajo
2024-11-25,2.8,bajo,,,1.8,bajo
2024-12-02,2.9,bajo,,,2.3,bajo
2024-12-09,3.1,bajo,,,2.2,bajo
2024-12-16,2.9,bajo,,,2.0,bajo
2024-12-23,2.8,bajo,,,2.2,bajo
2024-12-30,2.8,bajo,,,2.1,bajo
2025-01-06,2.6,bajo,,,2.2,bajo
2025-01-13,2.5,bajo,,,2.3,bajo
2025-01-20,2.4,bajo,,,2.4,bajo
